First and Last Train Information,,,,,,,,,,,
,,,,,,,,,,,
,,,,,,,,,,,
,"Updated as at 17 September 2024 - Condensed PRINT Version for CSER (Draft)
DO NOT USE LAST TRAIN INFO DURING EXTENDED LAST TRAIN OPS!",,,,,,,,,,
,,,,,,,,,,,
,TEST version - both LTA and SMRT timings provided,,,,,,,,,,
,,,,,,,,,,,
Towards ❶ EW1 Pasir Ris,,,,,,,,,,,
,,First Train,,,,,Last Train,,,,
,,Mon - Sat,,,Sun / PH,,Daily,,,,
,EW2 Tampines,5:21,,,5:47,,0:37,,,,
,EW3 Simei,5:19,,,5:45,,0:34,,,,
,EW4 Tanah Merah,5:16,,,5:42,,"00:31 (LTA)
00:33 (SMRT)",,,,
,EW5 Bedok,"06:18 (LTA)
06:19 (SMRT)",,,"06:46 (LTA)
06:47 (SMRT)",,"00:29 (LTA)
00:30 (SMRT)",,,,
,EW6 Kembangan,"06:15 (LTA)
06:16 (SMRT)",,,"06:43 (LTA)
06:44 (SMRT)",,"00:26 (LTA)
00:27 (SMRT)",,,,
,EW7 Eunos,"06:13 (LTA)
06:14 (SMRT)",,,"06:42 (LTA)
06:43 (SMRT)",,"00:24 (LTA)
00:25 (SMRT)",,,,
,EW8 Paya Lebar,"06:11 (LTA)
06:12 (SMRT)",,,6:39,,0:22,,,,
,EW9 Aljunied,"06:09 (LTA)
06:10 (SMRT)",,,"06:37 (LTA)
06:38 (SMRT)",,0:20,,,,
,EW10 Kallang,6:07,,,6:35,,"00:17 (SMRT)
00:18 (LTA)",,,,
,EW11 Lavender,6:05,,,6:33,,"00:15 (SMRT)
00:16 (LTA)",,,,
,EW12 Bugis,6:03,,,6:31,,"00:13 (SMRT)
00:14 (LTA)",,,,
,EW13 City Hall,6:01,,,6:29,,"00:10 (SMRT)
00:11 (LTA)",,,,
,EW14 Raffles Place,5:59,,,6:27,,"00:08 (SMRT)
00:09 (LTA)",,,,
,EW15 Tanjong Pagar,5:56,,,6:24,,"00:05 (SMRT)
00:06 (LTA)",,,,
,EW16 Outram Park,5:54,,,6:22,,"00:03 (SMRT)
00:04 (LTA)",,,,
,EW17 Tiong Bahru,"05:51 (LTA)
05:52 (SMRT)",,,"06:19 (LTA)
06:20 (SMRT)",,"00:00 (SMRT)
00:01 (LTA)",,,,
,EW18 Redhill,5:49,,,6:17,,"23:58 (SMRT)
23:59 (LTA)",,,,
,EW19 Queenstown,"05:46 (LTA)
05:47 (SMRT)",,,"06:14 (LTA)
06:15 (SMRT)",,23:57,,,,
,EW20 Commonwealth,5:45,,,6:13,,"23:53 (SMRT)
23:55 (LTA)",,,,
,EW21 Buona Vista,5:43,,,6:11,,"23:51 (SMRT)
23:53 (LTA)",,,,
,EW22 Dover,5:40,,,6:08,,"23:49 (SMRT)
23:51 (LTA)",,,,
,EW23 Clementi,5:38,,,6:06,,"23:46 (SMRT)
23:49 (LTA)",,,,
,EW24 Jurong East,"05:42 (SMRT)
05:43 (LTA)",,,"06:12 (SMRT)
06:13 (LTA)",,"23:42 (SMRT)
23:45 (LTA)",,,,
,EW25 Chinese Garden,"05:39 (SMRT)
05:40 (LTA)",,,"06:09 (SMRT)
06:10 (LTA)",,"23:39 (SMRT)
23:42 (LTA)",,,,
,EW26 Lakeside,"05:37 (SMRT)
05:38 (LTA)",,,"06:07 (SMRT)
06:08 (LTA)",,"23:37 (SMRT)
23:40 (LTA)",,,,
,EW27 Boon Lay,"05:34 (SMRT)
05:36 (LTA)",,,"06:04 (SMRT)
06:06 (LTA)",,"23:34 (SMRT)
23:38 (LTA)",,,,
,EW28 Pioneer,5:34,,,6:04,,23:34,,,,
,EW29 Joo Koon,"05:29 (SMRT)
05:31 (LTA)",,,"05:59 (SMRT)
06:01 (LTA)",,"23:29 (SMRT)
23:32 (LTA)",,,,
,EW30 Gul Circle,5:26,,,5:56,,"23:26 (SMRT)
23:27 (LTA)",,,,
,EW31 Tuas Crescent,5:23,,,5:53,,"23:23 (SMRT)
23:24 (LTA)",,,,
,EW32 Tuas West Road,5:21,,,5:51,,23:22,,,,
,EW33 Tuas Link,5:19,,,5:49,,"23:20 (LTA)
23:21 (SMRT)",,,,
,CG1 Expo,5:36,,,6:04,,0:11,,,,
,CG2 Changi Airport,5:31,,,5:59,,0:06,,,,
,,,,,,,,,,,PSR EB
,,,,,,,,,,,
Towards ❷ EW33 Tuas Link,,,,,,,,,,,
,,First Train,,,,,Last Train,,,,
,,Mon - Sat,,,Sun / PH,,Daily,,,,
,EW1 Pasir Ris,5:28,,,5:54,,23:23,,,,
,EW2 Tampines,5:31,,,5:57,,23:26,,,,
,EW3 Simei,5:33,,,5:59,,23:28,,,,
,EW4 Tanah Merah,"05:36 (LTA)
05:37 (SMRT)",,,"06:02 (LTA)
06:03 (SMRT)",,"23:31 (LTA)
23:31 (SMRT)",,,,
,EW5 Bedok,"05:39 (LTA)
05:40 (SMRT)",,,"06:05 (LTA)
06:06 (SMRT)",,"23:34 (LTA)
23:36 (SMRT)",,,,
,EW6 Kembangan,"05:42 (LTA)
05:43 (SMRT)",,,"06:08 (LTA)
06:09 (SMRT)",,"23:37 (LTA)
23:39 (SMRT)",,,,
,EW7 Eunos,"05:44 (LTA)
05:45 (SMRT)",,,"06:10 (LTA)
06:11 (SMRT)",,"23:39 (LTA)
23:41 (SMRT)",,,,
,EW8 Paya Lebar,"05:46 (LTA)
05:47 (SMRT)",,,"06:12 (LTA)
06:13 (SMRT)",,"23:41 (LTA)
23:43 (SMRT)",,,,
,EW9 Aljunied,"05:48 (LTA)
05:49 (SMRT)",,,"06:14 (LTA)
06:15 (SMRT)",,"23:43 (LTA)
23:46 (SMRT)",,,,
,EW10 Kallang,"05:50 (LTA)
05:51 (SMRT)",,,"06:16 (LTA)
06:17 (SMRT)",,"23:45 (LTA)
23:48 (SMRT)",,,,
,EW11 Lavender,"05:52 (LTA)
05:54 (SMRT)",,,"06:18 (LTA)
06:20 (SMRT)",,"23:47 (LTA)
23:50 (SMRT)",,,,
,EW12 Bugis,"05:54 (LTA)
05:56 (SMRT)",,,"06:20 (LTA)
06:22 (SMRT)",,"23:49 (LTA)
23:53 (SMRT)",,,,
,EW13 City Hall,"05:57 (LTA)
05:58 (SMRT)",,,6:24,,"23:52 (LTA)
23:55 (SMRT)",,,,
,EW14 Raffles Place,"05:59 (LTA)
06:00 (SMRT)",,,"06:25 (LTA)
06:26 (SMRT)",,23:58,,,,
,EW15 Tanjong Pagar,6:02,,,6:28,,"00:00 (SMRT)
00:01 (LTA)",,,,
,EW16 Outram Park,6:04,,,6:30,,"00:02 (SMRT)
00:04 (LTA)",,,,
,EW17 Tiong Bahru,6:07,,,6:33,,"00:05 (SMRT)
00:06 (LTA)",,,,
,EW18 Redhill,6:09,,,6:35,,0:08,,,,
,EW19 Queenstown,"06:11 (LTA)
06:12 (SMRT)",,,"06:37 (LTA)
06:38 (SMRT)",,"00:10 (SMRT)
00:11 (LTA)",,,,
,EW20 Commonwealth,"06:13 (LTA)
06:14 (SMRT)",,,"06:39 (LTA)
06:40 (SMRT)",,"00:12 (SMRT)
00:13 (LTA)",,,,
,EW21 Buona Vista,6:16,,,6:42,,0:15,,,,
,EW22 Dover,6:18,,,6:44,,0:17,,,,
,EW23 Clementi,6:21,,,6:47,,0:20,,,,
,EW24 Jurong East,5:14,,,5:44,,0:25,,,,
,EW25 Chinese Garden,"05:16 (SMRT)
05:17 (LTA)",,,"05:46 (SMRT)
05:47 (LTA)",,0:27,,,,
,EW26 Lakeside,"05:18 (SMRT)
05:19 (LTA)",,,"05:48 (SMRT)
05:49 (LTA)",,0:29,,,,
,EW27 Boon Lay,5:21,,,5:51,,0:32,,,,
,EW28 Pioneer,5:23,,,5:53,,"00:34 (LTA)
00:35 (SMRT)",,,,
,EW29 Joo Koon,5:27,,,5:57,,0:38,,,,
,EW30 Gul Circle,5:30,,,6:00,,0:41,,,,
,EW31 Tuas Crescent,5:32,,,6:02,,"00:43 (LTA)
00:44 (SMRT)",,,,
,EW32 Tuas West Road,"05:34 (LTA)
05:35 (SMRT)",,,"06:04 (LTA)
06:05 (SMRT)",,"00:45 (LTA)
00:46 (SMRT)",,,,
,CG1 Expo,5:36,,,6:04,,23:23,,,,
,CG2 Changi Airport,5:31,,,5:59,,23:18,,,,
,,,,,,,,,,,TLK WB
,,,,,,,,,,,
Towards ❸ CG2 Changi Airport,,,,,,,,,,,
,,First Train,,,,,Last Train,,,,
,,Mon - Sat,,,Sun / PH,,Daily,,,,
,EW1 Pasir Ris,5:28,,,5:54,,23:23,,,,
,EW2 Tampines,5:31,,,5:57,,23:26,,,,
,EW3 Simei,5:34,,,6:00,,23:29,,,,
,EW4 Tanah Merah,5:20,,,5:47,,23:50,,,,
,EW5 Bedok,6:19,,,6:47,,23:46,,,,
,EW6 Kembangan,6:16,,,6:44,,23:43,,,,
,EW7 Eunos,6:14,,,6:42,,23:41,,,,
,EW8 Paya Lebar,6:12,,,6:39,,23:38,,,,
,EW9 Aljunied,6:10,,,6:38,,23:36,,,,
,EW10 Kallang,6:07,,,6:35,,23:33,,,,
,EW11 Lavender,6:05,,,6:33,,23:31,,,,
,EW12 Bugis,6:03,,,6:31,,23:29,,,,
,EW13 City Hall,6:01,,,6:29,,23:26,,,,
,EW14 Raffles Place,5:59,,,6:27,,23:24,,,,
,EW15 Tanjong Pagar,5:56,,,6:24,,23:21,,,,
,EW16 Outram Park,5:54,,,6:22,,23:19,,,,
,EW17 Tiong Bahru,5:52,,,6:20,,23:16,,,,
,EW18 Redhill,5:49,,,6:17,,23:14,,,,
,EW19 Queenstown,5:47,,,6:15,,23:11,,,,
,EW20 Commonwealth,5:45,,,6:13,,23:09,,,,
,EW21 Buona Vista,5:43,,,6:11,,23:07,,,,
,EW22 Dover,5:40,,,6:08,,23:04,,,,
,EW23 Clementi,5:38,,,6:06,,23:02,,,,
,EW24 Jurong East,5:42,,,6:12,,22:57,,,,
,EW25 Chinese Garden,5:39,,,6:09,,22:54,,,,
,EW26 Lakeside,5:37,,,6:07,,22:52,,,,
,EW27 Boon Lay,5:34,,,6:04,,22:49,,,,
,EW28 Pioneer,5:32,,,6:02,,22:47,,,,
,EW29 Joo Koon,5:29,,,5:59,,22:44,,,,
,EW30 Gul Circle,5:26,,,5:56,,22:41,,,,
,EW31 Tuas Crescent,5:23,,,5:53,,22:38,,,,
,EW32 Tuas West Road,5:21,,,5:51,,22:36,,,,
,EW33 Tuas Link,5:19,,,5:49,,22:34,,,,
,CG1 Expo,5:23,,,"05:49 (LTA)
05:50 (SMRT)",,"23:53 (SMRT)
23:54 (LTA)",,,,
,,,,,,,,,,,CGA EB
,,,,,,,,,,,
,,,,,,,,,,,
Towards ❹ NS1 Jurong East,,,,,,,,,,,
,,First Train,,,,,Last Train,,,,
,,Mon - Fri,,Sat,Sun / PH,,Daily,,,,
,NS2 Bukit Batok,5:45,,,6:08,,"00:55 (LTA)
01:00 (SMRT)",,,,
,NS3 Bukit Gombak,5:43,,,6:06,,"00:52 (LTA)
00:57 (SMRT)",,,,
,NS4 Choa Chu Kang,"05:39 (SMRT)
05:40 (LTA)",,,"06:02 (SMRT)
06:03 (LTA)",,"00:49 (LTA)
00:53 (SMRT)",,,,
,NS5 Yew Tee,5:37,,,6:00,,0:46,,,,
,NS7 Kranji,5:43,,,"06:06 (SMRT)
06:07 (LTA)",,"00:41 (LTA)
00:50 (SMRT)",,,,
,NS8 Marsiling,"05:40 (SMRT)
05:41 (LTA)",,,"06:03 (SMRT)
06:04 (LTA)",,"00:38 (LTA)
00:43 (SMRT)",,,,
,NS9 Woodlands,5:38,,,"05:58 (LTA)
06:01 (SMRT)",,"00:36 (LTA)
00:40 (SMRT)",,,,
,NS10 Admiralty,5:35,,,5:58,,"00:33 (LTA)
00:37 (SMRT)",,,,
,NS11 Sembawang,"05:31 (LTA)
05:32 (SMRT)",,,"05:54 (LTA)
05:55 (SMRT)",,"00:29 (LTA)
00:34 (SMRT)",,,,
,NS12 Canberra,5:29,,,5:52,,0:31,,,,
,NS13 Yishun,5:27,,,5:50,,"00:25 (LTA)
00:28 (SMRT)",,,,
,NS14 Khatib,"05:24 (SMRT)
05:25 (LTA)",,,"05:47 (SMRT)
05:48 (LTA)",,"00:23 (LTA)
00:26 (SMRT)",,,,
,NS15 Yio Chu Kang,5:19,,,"05:42 (SMRT)
05:43 (LTA)",,"00:17 (LTA)
00:20 (SMRT)",,,,
,NS16 Ang Mo Kio,5:17,,,5:40,,"00:15 (LTA)
00:18 (SMRT)",,,,
,NS17 Bishan,6:08,,"06:22 (LTA)
06:23 (SMRT)","06:29 (SMRT)
06:30 (LTA)",,"00:12 (LTA)
00:14 (SMRT)",,,,
,NS18 Braddell,6:06,,"06:20 (LTA)
06:21 (SMRT)",6:27,,"00:09 (LTA)
00:12 (SMRT)",,,,
,NS19 Toa Payoh,6:04,,6:18,6:25,,"00:08 (LTA)
00:09 (SMRT)",,,,
,NS20 Novena,6:01,,"06:15 (LTA)
06:16 (SMRT)",6:22,,"00:05 (LTA)
00:07 (SMRT)",,,,
,NS21 Newton,5:59,,6:13,6:20,,"00:03 (LTA)
00:04 (SMRT)",,,,
,NS22 Orchard,6:11,,,6:36,,"00:00 (LTA)
00:02 (SMRT)",,,,
,NS23 Somerset,6:09,,,6:34,,"23:58 (LTA)
23:59 (SMRT)",,,,
,NS24 Dhoby Ghaut,6:07,,,6:32,,23:57,,,,
,NS25 City Hall,6:05,,,6:30,,23:55,,,,
,NS26 Raffles Place,6:03,,,6:28,,23:53,,,,
,NS27 Marina Bay,6:01,,,6:26,,23:50,,,,
,NS28 Marina South Pier,6:10,,,6:38,,23:48,,,,
,,,,,,,,,,,JUR NB
,,,,,,,,,,,
Towards NS7 Kranji,,,,,,,,,,,
,,First Train,,,,,Last Train,,,,
,,Mon - Sat,,,Sun / PH,,Daily,,,,
,NS8 Marsiling,,,,,,"00:55 (LTA)
00:58 (SMRT)",,,,
,NS9 Woodlands,,,,,,"00:52 (LTA)
00:55 (SMRT)",,,,
,NS10 Admiralty,,,,,,"00:49 (LTA)
00:53 (SMRT)",,,,
,NS11 Sembawang,,,,,,"00:46 (LTA)
00:49 (SMRT)",,,,
,NS12 Canberra,,,,,,0:47,,,,
,NS13 Yishun,,,,,,"00:42 (LTA)
00:44 (SMRT)",,,,
,NS14 Khatib,,,,,,"00:39 (LTA)
00:41 (SMRT)",,,,
,NS15 Yio Chu Kang,,,,,,"00:34 (LTA)
00:36 (SMRT)",,,,
,NS16 Ang Mo Kio,,,,,,"00:32 (LTA)
00:33 (SMRT)",,,,
,NS17 Bishan,,,,,,"00:28 (LTA)
00:30 (SMRT)",,,,
,NS18 Braddell,,,,,,"00:26 (LTA)
00:27 (SMRT)",,,,
,NS19 Toa Payoh,,,,,,"00:24 (LTA)
00:25 (SMRT)",,,,
,NS20 Novena,,,,,,0:22,,,,
,NS21 Newton,,,,,,0:20,,,,
,NS22 Orchard,,,,,,0:17,,,,
,NS23 Somerset,,,,,,0:15,,,,
,NS24 Dhoby Ghaut,,,,,,0:13,,,,
,NS25 City Hall,,,,,,0:11,,,,
,NS26 Raffles Place,,,,,,"00:08 (SMRT)
00:09 (LTA)",,,,
,NS27 Marina Bay,,,,,,"00:06 (SMRT)
00:07 (LTA)",,,,
,NS28 Marina South Pier,,,,,,0:04,,,,
,,,,,,,,,,,KRJ NB
,,,,,,,,,,,
Towards NS13 Yishun,,,,,,,,,,,
,,First Train,,,,,Last Train,,,,
,,Mon - Sat,,,Sun / PH,,Daily,,,,
,NS14 Khatib,"05:14 (SMRT)
05:16 (LTA)",,,,,,,,,
,NS15 Yio Chu Kang,"05:09 (SMRT)
05:10 (LTA)",,,,,,,,,
,NS16 Ang Mo Kio,5:07,,,,,,,,,
,,,,,,,,,,,YIS NB
,,,,,,,,,,,
,,,,,,,,,,,
,,,,,,,,,,,
,,,,,,,,,,,
,,,,,,,,,,,
,,,,,,,,,,,
,,,,,,,,,,,
Towards NS16 Ang Mo Kio,,,,,,,,,,,
,,First Train,,,,,Last Train,,,,
,,Mon - Sat,,,Sun / PH,,Daily,,,,
,NS1 Jurong East,,,,,,0:17,,,,
,NS2 Bukit Batok,,,,,,0:20,,,,
,NS3 Bukit Gombak,,,,,,0:22,,,,
,NS4 Choa Chu Kang,,,,,,0:26,,,,
,NS5 Yew Tee,,,,,,0:29,,,,
,NS7 Kranji,,,,,,0:34,,,,
,NS8 Marsiling,,,,,,0:37,,,,
,NS9 Woodlands,,,,,,0:39,,,,
,NS10 Admiralty,,,,,,0:42,,,,
,NS11 Sembawang,,,,,,"00:45 (SMRT)
00:46 (LTA)",,,,
,NS12 Canberra,,,,,,0:48,,,,
,NS13 Yishun,,,,,,"00:50 (LTA)
00:51 (SMRT)",,,,
,NS14 Khatib,,,,,,0:53,,,,
,NS15 Yio Chu Kang,,,,,,"00:58 (LTA)
00:59 (SMRT)",,,,
,,,,,,,,,,,AMK SB
,,,,,,,,,,,
Towards NS19 Toa Payoh,,,,,,,,,,,
,,First Train,,,,,Last Train,,,,
,,Mon - Sat,,,Sun / PH,,Daily,,,,
,NS1 Jurong East,,,,,,23:28,,,,
,NS2 Bukit Batok,,,,,,23:31,,,,
,NS3 Bukit Gombak,,,,,,23:33,,,,
,NS4 Choa Chu Kang,,,,,,23:37,,,,
,NS5 Yew Tee,,,,,,23:40,,,,
,NS7 Kranji,,,,,,23:45,,,,
,NS8 Marsiling,,,,,,23:48,,,,
,NS9 Woodlands,,,,,,23:50,,,,
,NS10 Admiralty,,,,,,23:53,,,,
,NS11 Sembawang,,,,,,"23:56 (SMRT)
23:57 (LTA)",,,,
,NS12 Canberra,,,,,,23:59,,,,
,NS13 Yishun,,,,,,"00:01 (LTA)
00:02 (SMRT)",,,,
,NS14 Khatib,,,,,,"00:03 (LTA)
00:04 (SMRT)",,,,
,NS15 Yio Chu Kang,,,,,,"00:09 (LTA)
00:10 (SMRT)",,,,
,NS16 Ang Mo Kio,,,,,,"00:11 (LTA)
00:13 (SMRT)",,,,
,NS17 Bishan,,,,,,"00:15 (LTA)
00:16 (SMRT)",,,,
,NS18 Braddell,,,,,,"00:17 (LTA)
00:18 (SMRT)",,,,
,,,,,,,,,,,TAP SB
,,,,,,,,,,,
,,,,,,,,,,,
,,,,,,,,,,,
,,,,,,,,,,,
,,,,,,,,,,,
Towards NS27 Marina Bay,,,,,,,,,,,
,,First Train,,,,,Last Train,,,,
,,Mon - Sat,,,Sun / PH,,Daily,,,,
,NS1 Jurong East,,,,,,22:53,,,,
,NS2 Bukit Batok,,,,,,22:56,,,,
,NS3 Bukit Gombak,,,,,,22:58,,,,
,NS4 Choa Chu Kang,,,,,,23:01,,,,
,NS5 Yew Tee,,,,,,23:04,,,,
,NS7 Kranji,,,,,,23:09,,,,
,NS8 Marsiling,,,,,,23:18,,,,
,NS9 Woodlands,,,,,,23:15,,,,
,NS10 Admiralty,,,,,,23:18,,,,
,NS11 Sembawang,,,,,,23:21,,,,
,NS12 Canberra,,,,,,23:23,,,,
,NS13 Yishun,,,,,,23:25,,,,
,NS14 Khatib,,,,,,23:28,,,,
,NS15 Yio Chu Kang,,,,,,23:33,,,,
,NS16 Ang Mo Kio,,,,,,23:36,,,,
,NS17 Bishan,,,,,,23:39,,,,
,NS18 Braddell,,,,,,23:41,,,,
,NS19 Toa Payoh,,,,,,23:43,,,,
,NS20 Novena,,,,,,23:46,,,,
,NS21 Newton,,,,,,23:48,,,,
,NS22 Orchard,,,,,,23:50,,,,
,NS23 Somerset,,,,,,23:52,,,,
,NS24 Dhoby Ghaut,,,,,,23:54,,,,
,NS25 City Hall,,,,,,23:56,,,,
,NS26 Raffles Place,,,,,,23:58,,,,
,,,,,,,,,,,MRB SB
,,,,,,,,,,,
Towards ❺ NS28 Marina South Pier,,,,,,,,,,,
,,First Train,,,,,Last Train,,,,
,,Mon - Sat,,,Sun / PH,,Daily,,,,
,NS1 Jurong East,5:16,,,5:35,,22:46,,,,
,NS2 Bukit Batok,5:19,,,5:38,,"22:49 (SMRT)
22:50 (LTA)",,,,
,NS3 Bukit Gombak,5:21,,,5:40,,"22:51 (SMRT)
22:52 (LTA)",,,,
,NS4 Choa Chu Kang,5:25,,,5:44,,"22:55 (LTA)
22:56 (SMRT)",,,,
,NS5 Yew Tee,5:27,,,5:46,,22:58,,,,
,NS7 Kranji,5:22,,,5:38,,"23:03 (SMRT)
23:06 (LTA)",,,,
,NS8 Marsiling,5:24,,,"05:40 (SMRT)
05:41 (LTA)",,"23:06 (SMRT)
23:09 (LTA)",,,,
,NS9 Woodlands,5:27,,,"05:43 (SMRT)
05:45 (LTA)",,"23:08 (SMRT)
23:12 (LTA)",,,,
,NS10 Admiralty,"05:29 (SMRT)
05:30 (LTA)",,,"05:45 (SMRT)
05:48 (LTA)",,"23:11 (SMRT)
23:16 (LTA)",,,,
,NS11 Sembawang,"05:33 (SMRT)
05:34 (LTA)",,,"05:49 (SMRT)
05:52 (LTA)",,"23:14 (SMRT)
23:19 (LTA)",,,,
,NS12 Canberra,5:35,,,5:51,,23:17,,,,
,NS13 Yishun,5:24,,,"05:54 (SMRT)
05:57 (LTA)",,23:20,,,,
,NS14 Khatib,5:26,,,"05:57 (SMRT)
05:59 (LTA)",,"23:22 (SMRT)
23:25 (LTA)",,,,
,NS15 Yio Chu Kang,5:31,,,6:02,,"23:28 (SMRT)
23:31 (LTA)",,,,
,NS16 Ang Mo Kio,5:34,,,"06:05 (SMRT)
06:07 (LTA)",,"23:31 (SMRT)
23:34 (LTA)",,,,
,NS17 Bishan,5:37,,,6:02,,"23:34 (SMRT)
23:37 (LTA)",,,,
,NS18 Braddell,5:39,,,"06:04 (SMRT)
06:05 (LTA)",,"23:36 (SMRT)
23:39 (LTA)",,,,
,NS19 Toa Payoh,5:41,,,6:06,,"23:39 (SMRT)
23:40 (LTA)",,,,
,NS20 Novena,5:44,,,"06:08 (SMRT)
06:09 (LTA)",,"23:41 (SMRT)
23:43 (LTA)",,,,
,NS21 Newton,5:46,,,6:11,,"23:44 (SMRT)
23:45 (LTA)",,,,
,NS22 Orchard,"05:48 (SMRT)
05:49 (LTA)",,,"06:13 (SMRT)
06:14 (LTA)",,"23:46 (SMRT)
23:47 (LTA)",,,,
,NS23 Somerset,"05:50 (SMRT)
05:51 (LTA)",,,"06:15 (SMRT)
06:16 (LTA)",,"23:48 (SMRT)
23:49 (LTA)",,,,
,NS24 Dhoby Ghaut,5:52,,,6:17,,"23:50 (LTA)
23:51 (SMRT)",,,,
,NS25 City Hall,5:54,,,"06:19 (SMRT)
06:20 (LTA)",,"23:52 (LTA)
23:53 (SMRT)",,,,
,NS26 Raffles Place,"05:56 (SMRT)
05:57 (LTA)",,,"06:21 (SMRT)
06:22 (LTA)",,"23:54 (LTA)
23:55 (SMRT)",,,,
,NS27 Marina Bay,6:05,,,"06:29 (LTA)
06:32 (SMRT)",,"23:56 (LTA)
23:58 (SMRT)",,,,
,,,,,,,,,,,MSP SB
,,,,,,,,,,,
,,,,,,,,,,,
Towards ❻ NE1 HarbourFront,,,,,,,,,,,
,,First Train,,,,,Last Train,,,,
,,Mon - Fri,,Sat,Sun / PH,,Mon - Fri,,Sat,Sun / PH,
,NE3 Outram Park,6:12,,"06:11 (LTA)
06:13 (SBST)","06:32 (LTA)
06:33 (SBST)",,23:58,,,"23:58 (LTA)
23:59 (SBST)",
,NE4 Chinatown,6:10,,"06:09 (LTA)
06:11 (SBST)","06:30 (LTA)
06:31 (SBST)",,23:56,,"23:55 (LTA)
23:57 (SBST)",,
,NE5 Clarke Quay,6:08,,"06:07 (LTA)
06:09 (SBST)",6:29,,23:54,,"23:53 (LTA)
23:55 (SBST)",,
,NE6 Dhoby Ghaut,6:06,,"06:05 (LTA)
06:07 (SBST)","06:26 (LTA)
06:27 (SBST)",,23:52,,"23:51 (LTA)
23:53 (SBST)",,
,NE7 Little India,6:04,,"06:03 (LTA)
06:05 (SBST)","06:24 (LTA)
06:25 (SBST)",,23:50,,"23:49 (LTA)
23:51 (SBST)",,
,NE8 Farrer Park,6:02,,"06:01 (LTA)
06:03 (SBST)","06:22 (LTA)
06:23 (SBST)",,23:48,,"23:47 (LTA)
23:49 (SBST)",,
,NE9 Boon Keng,6:00,,"05:59 (LTA)
06:00 (SBST)","06:20 (SBST)
06:21 (LTA)",,23:46,,,,
,NE10 Potong Pasir,"05:57 (LTA)
05:58 (SBST)",,,6:18,,"23:43 (LTA)
23:44 (SBST)",,,,
,NE11 Woodleigh,"05:55 (LTA)
05:56 (SBST)",,5:56,6:16,,"23:41 (LTA)
23:42 (SBST)",,,,
,NE12 Serangoon,5:53,,5:54,6:14,,"23:39 (LTA)
23:40 (SBST)",,,,
,NE13 Kovan,5:51,,,"06:11 (SBST)
06:12 (LTA)",,23:37,,,,
,NE14 Hougang,5:48,,"05:48 (SBST)
05:49 (LTA)","06:08 (SBST)
06:09 (LTA)",,23:34,,,,
,NE15 Buangkok,5:46,,,"06:06 (SBST)
06:07 (LTA)",,23:32,,,,
,NE16 Sengkang,5:44,,,"06:04 (SBST)
06:05 (LTA)",,23:30,,,,
,NE17 Punggol,5:42,,,"06:02 (SBST)
06:03 (LTA)",,23:28,,,,
,,,,,,,,,,,HBF SB
,,,,,,,,,,,
Towards ❼ NE17 Punggol,,,,,,,,,,,
,,First Train,,,,,Last Train,,,,
,,Mon - Fri,,Sat,Sun / PH,,Mon - Fri,,Sat,Sun / PH,
,NE1 HarbourFront,"05:49 (SBST)
05:50 (LTA)",,"05:50 (SBST)
06:00 (LTA)","06:10 (SBST)
06:20 (LTA)",,"23:55 (LTA)
23:56 (SBST)",,,23:55,
,NE3 Outram Park,5:48,,"05:48 (SBST)
06:03 (LTA)","06:08 (SBST)
06:23 (LTA)",,"23:58 (LTA)
23:59 (SBST)",,,,
,NE4 Chinatown,5:50,,"05:50 (SBST)
06:05 (LTA)","06:10 (SBST)
06:25 (LTA)",,"00:00 (LTA)
00:01 (SBST)",,,,
,NE5 Clarke Quay,5:51,,"05:51 (SBST)
06:07 (LTA)","06:11 (SBST)
06:27 (LTA)",,"00:02 (LTA)
00:03 (SBST)",,,,
,NE6 Dhoby Ghaut,5:54,,"05:54 (SBST)
06:10 (LTA)","06:14 (SBST)
06:29 (LTA)",,"00:04 (LTA)
00:05 (SBST)",,,,
,NE7 Little India,5:56,,"05:56 (SBST)
06:11 (LTA)","06:16 (SBST)
06:31 (LTA)",,"00:06 (LTA)
00:07 (SBST)",,,,
,NE8 Farrer Park,5:58,,"05:58 (SBST)
06:13 (LTA)","06:18 (SBST)
06:33 (LTA)",,"00:08 (LTA)
00:09 (SBST)",,,,
,NE9 Boon Keng,6:00,,"06:00 (SBST)
06:15 (LTA)","06:20 (SBST)
06:35 (LTA)",,"00:10 (LTA)
00:11 (SBST)",,,,
,NE10 Potong Pasir,6:02,,"06:03 (SBST)
06:17 (LTA)","06:23 (SBST)
06:37 (LTA)",,"00:12 (LTA)
00:13 (SBST)",,"00:12 (LTA)
00:14 (SBST)",,
,NE11 Woodleigh,6:04,,"06:05 (SBST)
06:19 (LTA)","06:25 (SBST)
06:39 (LTA)",,"00:14 (LTA)
00:15 (SBST)",,"00:14 (LTA)
00:16 (SBST)",,
,NE12 Serangoon,6:06,,"06:07 (SBST)
06:21 (LTA)","06:27 (SBST)
06:41 (LTA)",,"00:17 (LTA)
00:18 (SBST)",,,"00:16 (LTA)
00:18 (SBST)",
,NE13 Kovan,6:09,,"06:10 (SBST)
06:23 (LTA)","06:30 (SBST)
06:43 (LTA)",,"00:19 (LTA)
00:20 (SBST)",,"00:18 (LTA)
00:21 (SBST)",,
,NE14 Hougang,6:11,,"06:12 (SBST)
06:26 (LTA)","06:32 (SBST)
06:46 (LTA)",,"00:22 (LTA)
00:23 (SBST)",,"00:21 (LTA)
00:23 (SBST)",,
,NE15 Buangkok,"06:13 (LTA)
06:14 (SBST)",,"06:14 (SBST)
06:28 (LTA)","06:34 (SBST)
06:48 (LTA)",,"00:24 (LTA)
00:25 (SBST)",,"00:23 (LTA)
00:25 (SBST)",,
,NE16 Sengkang,5:37,,5:36,5:56,,"00:26 (LTA)
00:27 (SBST)",,"00:25 (LTA)
00:28 (SBST)",,
,,,,,,,,,,,PGL NB
Towards ⑧ CC1 Dhoby Ghaut,,,,,,,,,,,
,,First Train,,,,,Last Train,,,,
,,Mon - Sat,,,Sun / PH,,Daily,,,,
,CC2 Bras Basah,5:54,,,6:21,,0:03,,,,
,CC3 Esplanade,5:52,,,6:19,,0:01,,,,
,CC4 Promenade,5:50,,,6:17,,23:59,,,,
,CC5 Nicoll Highway,5:48,,,6:15,,23:57,,,,
,CC6 Stadium,5:45,,,6:13,,23:54,,,,
,CC7 Mountbatten,5:44,,,6:11,,23:53,,,,
,CC8 Dakota,5:42,,,6:09,,23:51,,,,
,CC9 Paya Lebar,5:40,,,6:07,,23:49,,,,
,CC10 MacPherson,5:37,,,6:04,,23:46,,,,
,CC11 Tai Seng,5:35,,,6:02,,23:44,,,,
,CC12 Bartley,5:47,,,6:14,,23:42,,,,
,CC13 Serangoon,5:44,,,6:11,,23:40,,,,
,CC14 Lorong Chuan,5:42,,,6:09,,23:38,,,,
,CC15 Bishan,5:40,,,6:07,,23:35,,,,
,CC16 Marymount,5:37,,,6:04,,23:32,,,,
,CC17 Caldecott,5:34,,,6:02,,23:30,,,,
,CC19 Botanic Gardens,5:45,,,6:06,,23:25,,,,
,CC20 Farrer Road,5:43,,,6:04,,23:23,,,,
,CC21 Holland Village,5:40,,,6:01,,23:21,,,,
,CC22 Buona Vista,5:39,,,6:00,,23:19,,,,
,CC23 one-north,5:36,,,5:57,,23:17,,,,
,CC24 Kent Ridge,5:35,,,5:56,,23:15,,,,
,CC25 Haw Par Villa,5:32,,,5:53,,23:12,,,,
,CC26 Pasir Panjang,5:30,,,5:51,,23:10,,,,
,CC27 Labrador Park,5:34,,,5:56,,23:08,,,,
,CC28 Telok Blangah,5:32,,,5:54,,23:06,,,,
,CC29 HarbourFront,5:30,,,5:51,,23:03,,,,
,,,,,,,,,,,CDBG OT
,,,,,,,,,,,
Towards CC6 Stadium,,,,,,,,,,,
,,First Train,,,,,Last Train,,,,
,,Mon - Sat,,,Sun / PH,,Daily,,,,
,CC4 Promenade,6:05,,,6:28,,23:59,,,,
,CC5 Nicoll Highway,6:07,,,6:30,,0:01,,,,
,CE1 Bayfront,6:02,,,6:26,,23:57,,,,
,CE2 Marina Bay,5:59,,,6:24,,23:55,,,,
,,,,,,,,,,,CSDM IT
Towards CC7 Mountbatten,,,,,,,,,,,
,,First Train,,,,,Last Train,,,,
,,Mon - Sat,,,Sun / PH,,Daily,,,,
,CC8 Dakota,,,,,,0:28,,,,
,CC9 Paya Lebar,,,,,,0:26,,,,
,CC10 MacPherson,,,,,,0:23,,,,
,CC11 Tai Seng,,,,,,0:21,,,,
,CC12 Bartley,,,,,,0:19,,,,
,CC13 Serangoon,,,,,,0:17,,,,
,CC14 Lorong Chuan,,,,,,0:14,,,,
,CC15 Bishan,,,,,,0:12,,,,
,CC16 Marymount,,,,,,0:09,,,,
,CC17 Caldecott,,,,,,0:07,,,,
,CC19 Botanic Gardens,,,,,,0:02,,,,
,CC20 Farrer Road,,,,,,0:00,,,,
,CC21 Holland Village,,,,,,23:58,,,,
,CC22 Buona Vista,,,,,,23:56,,,,
,CC23 one-north,,,,,,23:54,,,,
,CC24 Kent Ridge,,,,,,23:52,,,,
,CC25 Haw Par Villa,,,,,,23:49,,,,
,CC26 Pasir Panjang,,,,,,23:47,,,,
,CC27 Labrador Park,,,,,,23:45,,,,
,CC28 Telok Blangah,,,,,,23:43,,,,
,CC29 HarbourFront,,,,,,23:40,,,,
,,,,,,,,,,,CMBT OT
,,,,,,,,,,,
Towards CC11 Tai Seng,,,,,,,,,,,
,,First Train,,,,,Last Train,,,,
,,Mon - Sat,,,Sun / PH,,Daily,,,,
,CC1 Dhoby Ghaut,,,,,,0:10,,,,
,CC2 Bras Basah,,,,,,0:11,,,,
,CC3 Esplanade,,,,,,0:13,,,,
,CC4 Promenade,,,,,,0:15,,,,
,CC5 Nicoll Highway,,,,,,0:17,,,,
,CC6 Stadium,,,,,,0:20,,,,
,CC7 Mountbatten,,,,,,0:22,,,,
,CC8 Dakota,,,,,,0:23,,,,
,CC9 Paya Lebar,,,,,,0:26,,,,
,CC10 MacPherson,,,,,,0:28,,,,
,,,,,,,,,,,CTSG IT
Towards CC12 Bartley,,,,,,,,,,,
,,First Train,,,,,Last Train,,,,
,,Mon - Sat,,,Sun / PH,,Daily,,,,
,CC13 Serangoon,,,,,,0:40,,,,
,CC14 Lorong Chuan,,,,,,0:38,,,,
,CC15 Bishan,,,,,,0:36,,,,
,CC16 Marymount,,,,,,0:33,,,,
,CC17 Caldecott,,,,,,0:30,,,,
,CC19 Botanic Gardens,,,,,,0:26,,,,
,CC20 Farrer Road,,,,,,0:24,,,,
,CC21 Holland Village,,,,,,0:21,,,,
,CC22 Buona Vista,,,,,,0:19,,,,
,CC23 one-north,,,,,,0:17,,,,
,CC24 Kent Ridge,,,,,,0:15,,,,
,CC25 Haw Par Villa,,,,,,0:13,,,,
,CC26 Pasir Panjang,,,,,,0:11,,,,
,CC27 Labrador Park,,,,,,0:08,,,,
,CC28 Telok Blangah,,,,,,0:06,,,,
,CC29 HarbourFront,,,,,,0:04,,,,
,,,,,,,,,,,CBLY OT
,,,,,,,,,,,
Towards CC17 Caldecott,,,,,,,,,,,
,,First Train,,,,,Last Train,,,,
,,Mon - Sat,,,Sun / PH,,Daily,,,,
,CC1 Dhoby Ghaut,,,,,,0:02,,,,
,CC2 Bras Basah,,,,,,0:03,,,,
,CC3 Esplanade,,,,,,0:05,,,,
,CC4 Promenade,,,,,,0:08,,,,
,CC5 Nicoll Highway,,,,,,0:10,,,,
,CC6 Stadium,,,,,,0:12,,,,
,CC7 Mountbatten,,,,,,0:14,,,,
,CC8 Dakota,,,,,,0:15,,,,
,CC9 Paya Lebar,,,,,,0:18,,,,
,CC10 MacPherson,,,,,,0:20,,,,
,CC11 Tai Seng,,,,,,0:22,,,,
,CC12 Bartley,,,,,,0:24,,,,
,CC13 Serangoon,,,,,,0:27,,,,
,CC14 Lorong Chuan,,,,,,0:29,,,,
,CC15 Bishan,,,,,,0:32,,,,
,CC16 Marymount,,,,,,0:34,,,,
,,,,,,,,,,,CCDT IT
,,,,,,,,,,,
Towards CC23 one-north,,,,,,,,,,,
,,First Train,,,,,Last Train,,,,
,,Mon - Sat,,,Sun / PH,,Daily,,,,
,CC1 Dhoby Ghaut,,,,,,23:34,,,,
,CC2 Bras Basah,,,,,,23:36,,,,
,CC3 Esplanade,,,,,,23:38,,,,
,CC4 Promenade,,,,,,23:40,,,,
,CC5 Nicoll Highway,,,,,,23:42,,,,
,CC6 Stadium,,,,,,23:44,,,,
,CC7 Mountbatten,,,,,,23:46,,,,
,CC8 Dakota,,,,,,23:48,,,,
,CC9 Paya Lebar,,,,,,23:50,,,,
,CC10 MacPherson,,,,,,23:52,,,,
,CC11 Tai Seng,,,,,,23:54,,,,
,CC12 Bartley,,,,,,23:57,,,,
,CC13 Serangoon,,,,,,23:59,,,,
,CC14 Lorong Chuan,,,,,,0:01,,,,
,CC15 Bishan,,,,,,0:04,,,,
,CC16 Marymount,,,,,,0:06,,,,
,CC17 Caldecott,,,,,,0:09,,,,
,CC19 Botanic Gardens,,,,,,0:13,,,,
,CC20 Farrer Road,,,,,,0:15,,,,
,CC21 Holland Village,,,,,,0:18,,,,
,CC22 Buona Vista,,,,,,0:20,,,,
,,,,,,,,,,,CONH IT
,,,,,,,,,,,
Towards CC26 Pasir Panjang,,,,,,,,,,,
,,First Train,,,,,Last Train,,,,
,,Mon - Sat,,,Sun / PH,,Daily,,,,
,CC1 Dhoby Ghaut,,,,,,23:18,,,,
,CC2 Bras Basah,,,,,,23:20,,,,
,CC3 Esplanade,,,,,,23:32,,,,
,CC4 Promenade,,,,,,23:24,,,,
,CC5 Nicoll Highway,,,,,,23:26,,,,
,CC6 Stadium,,,,,,23:28,,,,
,CC7 Mountbatten,,,,,,23:30,,,,
,CC8 Dakota,,,,,,23:32,,,,
,CC9 Paya Lebar,,,,,,23:34,,,,
,CC10 MacPherson,,,,,,23:36,,,,
,CC11 Tai Seng,,,,,,23:38,,,,
,CC12 Bartley,,,,,,23:41,,,,
,CC13 Serangoon,,,,,,23:43,,,,
,CC14 Lorong Chuan,,,,,,23:45,,,,
,CC15 Bishan,,,,,,23:48,,,,
,CC16 Marymount,,,,,,23:50,,,,
,CC17 Caldecott,,,,,,23:53,,,,
,CC19 Botanic Gardens,,,,,,23:57,,,,
,CC20 Farrer Road,,,,,,23:59,,,,
,CC21 Holland Village,,,,,,0:02,,,,
,CC22 Buona Vista,,,,,,0:04,,,,
,CC23 one-north,,,,,,0:06,,,,
,CC24 Kent Ridge,,,,,,0:08,,,,
,CC25 Haw Par Villa,,,,,,0:10,,,,
,,,,,,,,,,,CPPJ IT
,,,,,,,,,,,
Towards ⑨ CC29 HarbourFront,,,,,,,,,,,
,,First Train,,,,,Last Train,,,,
,,Mon - Sat,,,Sun / PH,,Daily,,,,
,CC1 Dhoby Ghaut,5:37,,,6:05,,22:48,,,,
,CC2 Bras Basah,5:39,,,6:06,,22:50,,,,
,CC3 Esplanade,5:41,,,6:08,,22:51,,,,
,CC4 Promenade,5:43,,,6:10,,22:54,,,,
,CC5 Nicoll Highway,5:45,,,6:12,,22:56,,,,
,CC6 Stadium,5:47,,,6:15,,22:58,,,,
,CC7 Mountbatten,5:35,,,6:03,,23:00,,,,
,CC8 Dakota,5:37,,,6:04,,23:01,,,,
,CC9 Paya Lebar,5:40,,,6:07,,23:04,,,,
,CC10 MacPherson,5:42,,,6:09,,23:06,,,,
,CC11 Tai Seng,5:44,,,6:11,,23:08,,,,
,CC12 Bartley,5:16,,,5:40,,23:10,,,,
,CC13 Serangoon,5:18,,,5:42,,23:13,,,,
,CC14 Lorong Chuan,5:20,,,5:44,,23:15,,,,
,CC15 Bishan,5:23,,,5:47,,23:18,,,,
,CC16 Marymount,5:25,,,5:50,,23:20,,,,
,CC17 Caldecott,5:28,,,5:52,,23:23,,,,
,CC19 Botanic Gardens,5:32,,,5:57,,23:27,,,,
,CC20 Farrer Road,5:34,,,5:59,,23:29,,,,
,CC21 Holland Village,5:37,,,6:01,,23:31,,,,
,CC22 Buona Vista,5:39,,,6:03,,23:34,,,,
,CC23 one-north,5:41,,,6:05,,23:35,,,,
,CC24 Kent Ridge,5:35,,,6:00,,23:37,,,,
,CC25 Haw Par Villa,5:38,,,6:02,,23:40,,,,
,CC26 Pasir Panjang,5:40,,,6:04,,23:42,,,,
,CC27 Labrador Park,5:42,,,6:07,,23:44,,,,
,CC28 Telok Blangah,5:44,,,6:08,,23:46,,,,
,,,,,,,,,,,CHBF IT
,,,,,,,,,,,
Towards ⑩ CE2 Marina Bay,,,,,,,,,,,
,,First Train,,,,,Last Train,,,,
,,Mon - Sat,,,Sun / PH,,Daily,,,,
,CC4 Promenade,6:15,,,6:35,,23:48,,,,
,CC5 Nicoll Highway,6:12,,,6:33,,23:46,,,,
,CC6 Stadium,6:10,,,6:30,,23:43,,,,
,CE1 Bayfront,6:17,,,6:37,,23:51,,,,
,,,,,,,,,,,CMRB OT
,,,,,,,,,,,
Towards ⓫ DT1 Bukit Panjang,,,,,,,,,,,
,,First Train,,,,,Last Train,,,,
,,Mon - Sat,,,Sun / PH,,Daily,,,,
,DT2 Cashew,"06:13 (SBST)
06:14 (LTA)",,,"06:34 (SBST)
06:35 (LTA)",,"00:45 (SBST)
00:46 (LTA)",,,,
,DT3 Hillview,6:12,,,"06:32 (SBST)
06:33 (LTA)",,0:44,,,,
,DT5 Beauty World,"06:08 (SBST)
06:09 (LTA)",,,"06:29 (SBST)
06:30 (LTA)",,0:40,,,,
,DT6 King Albert Park,"06:06 (SBST)
06:07 (LTA)",,,6:27,,0:38,,,,
,DT7 Sixth Avenue,6:04,,,"06:24 (SBST)
06:25 (LTA)",,0:36,,,,
,DT8 Tan Kah Kee,6:02,,,"06:22 (SBST)
06:23 (LTA)",,0:34,,,,
,DT9 Botanic Gardens,6:00,,,6:21,,"00:31 (LTA)
00:32 (SBST)",,,,
,DT10 Stevens,5:58,,,6:18,,"00:29 (LTA)
00:30 (SBST)",,,,
,DT11 Newton,"05:55 (LTA)
05:56 (SBST)",,,6:16,,"00:27 (LTA)
00:28 (SBST)",,,,
,DT12 Little India,"06:06 (SBST)
06:07 (LTA)",,,6:30,,"00:24 (LTA)
00:26 (SBST)",,,,
,DT13 Rochor,6:05,,,"06:33 (SBST)
06:34 (LTA)",,"00:22 (LTA)
00:24 (SBST)",,,,
,DT14 Bugis,6:03,,,6:32,,"00:20 (LTA)
00:22 (SBST)",,,,
,DT15 Promenade,"06:17 (SBST)
06:18 (LTA)",,,"06:35 (SBST)
06:36 (LTA)",,"00:18 (LTA)
00:20 (SBST)",,,,
,DT16 Bayfront,6:15,,,6:33,,"00:15 (LTA)
00:18 (SBST)",,,,
,DT17 Downtown,6:13,,,6:31,,"00:13 (LTA)
00:16 (SBST)",,,,
,DT18 Telok Ayer,6:11,,,6:29,,"00:11 (LTA)
00:15 (SBST)",,,,
,DT19 Chinatown,6:10,,,6:28,,0:14,,,,
,DT20 Fort Canning,6:08,,,6:26,,0:11,,,,
,DT21 Bencoolen,6:06,,,6:24,,0:10,,,,
,DT22 Jalan Besar,6:04,,,6:22,,0:08,,,,
,DT23 Bendemeer,6:02,,,6:20,,0:06,,,,
,DT24 Geylang Bahru,6:00,,,6:18,,0:04,,,,
,DT25 Mattar,5:58,,,6:16,,0:02,,,,
,DT26 MacPherson,5:56,,,6:14,,0:00,,,,
,DT27 Ubi,5:54,,,6:12,,23:58,,,,
,DT28 Kaki Bukit,5:52,,,6:10,,23:56,,,,
,DT29 Bedok North,5:50,,,6:08,,23:54,,,,
,DT30 Bedok Reservoir,5:48,,,6:06,,23:51,,,,
,DT31 Tampines West,5:45,,,6:03,,23:49,,,,
,DT32 Tampines,5:43,,,6:01,,23:47,,,,
,DT33 Tampines East,5:41,,,5:59,,23:45,,,,
,DT34 Upper Changi,5:38,,,5:56,,23:41,,,,
,DT35 Expo,5:36,,,5:54,,23:40,,,,
,,,,,,,,,,,BKP BB
,,,,,,,,,,,
,,,,,,,,,,,
Towards ⓬ DT35 Expo,,,,,,,,,,,
,,First Train,,,,,Last Train,,,,
,,Mon - Sat,,,Sun / PH,,Daily,,,,
,DT1 Bukit Panjang,5:30,,,5:50,,23:35,,,,
,DT2 Cashew,5:32,,,5:52,,23:37,,,,
,DT3 Hillview,5:34,,,5:54,,"23:38 (SBST)
23:39 (LTA)",,,,
,DT5 Beauty World,5:37,,,5:57,,23:42,,,,
,DT6 King Albert Park,5:39,,,5:59,,23:44,,,,
,DT7 Sixth Avenue,5:42,,,6:02,,"23:46 (SBST)
23:47 (LTA)",,,,
,DT8 Tan Kah Kee,5:44,,,6:04,,"23:48 (SBST)
23:49 (LTA)",,,,
,DT9 Botanic Gardens,5:46,,,6:06,,"23:50 (SBST)
23:51 (LTA)",,,,
,DT10 Stevens,5:48,,,6:08,,"23:52 (SBST)
23:53 (LTA)",,,,
,DT11 Newton,5:51,,,6:11,,"23:54 (SBST)
23:56 (LTA)",,,,
,DT12 Little India,5:53,,,6:13,,"23:57 (SBST)
23:59 (LTA)",,,,
,DT13 Rochor,5:55,,,6:15,,"23:58 (SBST)
00:00 (LTA)",,,,
,DT14 Bugis,5:57,,,6:17,,"00:00 (SBST)
00:03 (LTA)",,,,
,DT15 Promenade,6:00,,,6:20,,"00:02 (SBST)
00:05 (LTA)",,,,
,DT16 Bayfront,6:02,,,6:22,,"00:04 (SBST)
00:07 (LTA)",,,,
,DT17 Downtown,6:04,,,6:24,,"00:06 (SBST)
00:09 (LTA)",,,,
,DT18 Telok Ayer,6:06,,,6:26,,"00:07 (SBST)
00:11 (LTA)",,,,
,DT19 Chinatown,6:08,,,6:28,,0:09,,,,
,DT20 Fort Canning,6:10,,,6:30,,0:11,,,,
,DT21 Bencoolen,6:12,,,6:31,,0:12,,,,
,DT22 Jalan Besar,6:13,,,6:33,,0:14,,,,
,DT23 Bendemeer,6:15,,,6:35,,0:16,,,,
,DT24 Geylang Bahru,5:59,,,6:19,,0:18,,,,
,DT25 Mattar,6:01,,,6:21,,0:21,,,,
,DT26 MacPherson,6:03,,,6:23,,0:23,,,,
,DT27 Ubi,6:05,,,6:25,,0:24,,,,
,DT28 Kaki Bukit,6:07,,,6:27,,0:26,,,,
,DT29 Bedok North,6:09,,,6:29,,0:28,,,,
,DT30 Bedok Reservoir,6:11,,,6:31,,0:30,,,,
,DT31 Tampines West,6:13,,,6:33,,0:33,,,,
,DT32 Tampines,6:16,,,6:36,,0:35,,,,
,DT33 Tampines East,6:18,,,6:38,,0:37,,,,
,DT34 Upper Changi,6:21,,,6:41,,0:40,,,,
,,,,,,,,,,,XPO XB
,,,,,,,,,,,
,,,,,,,,,,,
,,,,,,,,,,,
,,,,,,,,,,,
Towards ⓭ TE1 Woodlands North,,,,,,,,,,,
,,First Train,,,,,Last Train,,,,
,,Mon - Sat,,,Sun / PH,,Daily,,,,
,TE2 Woodlands,5:39,,,5:59,,0:42,,,,
,TE3 Woodlands South,5:36,,,5:56,,0:40,,,,
,TE4 Springleaf,6:04,,,6:24,,0:35,,,,
,TE4A Tagore,,,,,,,,,,
,TE5 Lentor,6:01,,,6:21,,0:32,,,,
,TE6 Mayflower,5:59,,,6:19,,0:30,,,,
,TE7 Bright Hill,5:57,,,6:17,,0:28,,,,
,TE8 Upper Thomson,5:54,,,6:14,,0:26,,,,
,TE9 Caldecott,5:52,,,6:12,,0:23,,,,
,TE11 Stevens,5:59,,,"06:18 (SMRT)
06:19 (LTA)",,0:19,,,,
,TE12 Napier,5:56,,,"06:15 (SMRT)
06:16 (LTA)",,0:16,,,,
,TE13 Orchard Boulevard,5:54,,,"06:13 (SMRT)
06:14 (LTA)",,0:14,,,,
,TE14 Orchard,5:52,,,6:12,,0:13,,,,
,TE15 Great World,6:10,,,"06:30 (LTA)
06:37 (SMRT)",,0:10,,,,
,TE16 Havelock,6:09,,,"06:29 (LTA)
06:35 (SMRT)",,0:09,,,,
,TE17 Outram Park,6:07,,,"06:27 (LTA)
06:33 (SMRT)",,0:07,,,,
,TE18 Maxwell,6:06,,,"06:26 (LTA)
06:31 (SMRT)",,0:05,,,,
,TE19 Shenton Way,6:04,,,"06:24 (LTA)
06:29 (SMRT)",,"00:03 (LTA)
00:08 (SMRT)",,,,
,TE20 Marina Bay,6:02,,,"06:22 (LTA)
06:27 (SMRT)",,0:02,,,,
,TE22 Gardens by the Bay,6:00,,,"06:20 (LTA)
06:24 (SMRT)",,23:59,,,,
,TE23 Tanjong Rhu,6:04,,,6:24,,23:55,,,,
,TE24 Katong Park,6:02,,,6:22,,23:52,,,,
,TE25 Tanjong Katong,6:00,,,6:20,,23:50,,,,
,TE26 Marine Parade,5:58,,,6:18,,23:48,,,,
,TE27 Marine Terrace,5:56,,,6:16,,23:46,,,,
,TE28 Siglap,5:58,,,6:18,,23:44,,,,
,TE29 Bayshore,5:56,,,6:16,,23:42,,,,
,,,,,,,,,,,TWDN WB
,,,,,,,,,,,
Towards TE4 Springleaf,,,,,,,,,,,
,,First Train,,,,,Last Train,,,,
,,Mon - Sat,,,Sun / PH,,Daily,,,,
,TE5 Lentor,,,,,,0:38,,,,
,TE6 Mayflower,,,,,,0:36,,,,
,TE7 Bright Hill,,,,,,0:34,,,,
,TE8 Upper Thomson,,,,,,0:32,,,,
,TE9 Caldecott,,,,,,0:29,,,,
,TE11 Stevens,,,,,,0:25,,,,
,TE12 Napier,,,,,,0:22,,,,
,TE13 Orchard Boulevard,,,,,,0:20,,,,
,TE14 Orchard,,,,,,0:19,,,,
,TE15 Great World,,,,,,0:16,,,,
,TE16 Havelock,,,,,,0:15,,,,
,TE17 Outram Park,,,,,,0:13,,,,
,TE18 Maxwell,,,,,,0:11,,,,
,TE19 Shenton Way,,,,,,0:09,,,,
,TE20 Marina Bay,,,,,,0:08,,,,
,TE22 Gardens by the Bay,,,,,,0:05,,,,
,TE23 Tanjong Rhu,,,,,,0:01,,,,
,TE24 Katong Park,,,,,,23:58,,,,
,TE25 Tanjong Katong,,,,,,23:56,,,,
,TE26 Marine Parade,,,,,,23:54,,,,
,TE27 Marine Terrace,,,,,,23:52,,,,
,TE28 Siglap,,,,,,23:50,,,,
,TE29 Bayshore,,,,,,23:48,,,,
,,,,,,,,,,,TSPL WB
,,,,,,,,,,,
Towards TE9 Caldecott,,,,,,,,,,,
,,First Train,,,,,Last Train,,,,
,,Mon - Sat,,,Sun / PH,,Daily,,,,
,TE1 Woodlands North,,,,,,0:06,,,,
,TE2 Woodlands,,,,,,0:08,,,,
,TE3 Woodlands South,,,,,,0:11,,,,
,TE4 Springleaf,,,,,,0:15,,,,
,TE4A Tagore,,,,,,,,,,
,TE5 Lentor,,,,,,0:18,,,,
,TE6 Mayflower,,,,,,0:21,,,,
,TE7 Bright Hill,,,,,,0:23,,,,
,TE8 Upper Thomson,,,,,,0:25,,,,
,TE11 Stevens,,,,,,0:31,,,,
,TE12 Napier,,,,,,0:28,,,,
,TE13 Orchard Boulevard,,,,,,0:26,,,,
,TE14 Orchard,,,,,,0:25,,,,
,TE15 Great World,,,,,,0:22,,,,
,TE16 Havelock,,,,,,0:21,,,,
,TE17 Outram Park,,,,,,0:19,,,,
,TE18 Maxwell,,,,,,0:17,,,,
,TE19 Shenton Way,,,,,,0:15,,,,
,TE20 Marina Bay,,,,,,0:14,,,,
,TE22 Gardens by the Bay,,,,,,0:11,,,,
,TE23 Tanjong Rhu,,,,,,0:07,,,,
,TE24 Katong Park,,,,,,0:04,,,,
,TE25 Tanjong Katong,,,,,,0:02,,,,
,TE26 Marine Parade,,,,,,0:00,,,,
,TE27 Marine Terrace,,,,,,23:58,,,,
,TE28 Siglap,,,,,,23:56,,,,
,TE29 Bayshore,,,,,,23:54,,,,
,,,,,,,,,,,TCDT
Towards TE14 Orchard,,,,,,,,,,,
,,First Train,,,,,Last Train,,,,
,,Mon - Sat,,,Sun / PH,,Daily,,,,
,TE1 Woodlands North,,,,,,0:00,,,,
,TE2 Woodlands,,,,,,0:02,,,,
,TE3 Woodlands South,,,,,,0:05,,,,
,TE4 Springleaf,,,,,,0:09,,,,
,TE4A Tagore,,,,,,,,,,
,TE5 Lentor,,,,,,0:12,,,,
,TE6 Mayflower,,,,,,0:15,,,,
,TE7 Bright Hill,,,,,,0:17,,,,
,TE8 Upper Thomson,,,,,,0:19,,,,
,TE9 Caldecott,,,,,,0:22,,,,
,TE11 Stevens,,,,,,0:26,,,,
,TE12 Napier,,,,,,0:28,,,,
,TE13 Orchard Boulevard,,,,,,0:30,,,,
,TE15 Great World,,,,,,"00:23 (SMRT)
00:28 (LTA)",,,,
,TE16 Havelock,,,,,,"00:21 (SMRT)
00:27 (LTA)",,,,
,TE17 Outram Park,,,,,,"00:23 (LTA)
00:25 (SMRT)",,,,
,TE18 Maxwell,,,,,,"00:21 (LTA)
00:23 (SMRT)",,,,
,TE19 Shenton Way,,,,,,0:21,,,,
,TE20 Marina Bay,,,,,,0:20,,,,
,TE22 Gardens by the Bay,,,,,,0:17,,,,
,TE23 Tanjong Rhu,,,,,,0:13,,,,
,TE24 Katong Park,,,,,,"00:08 (SMRT)
00:10 (LTA)",,,,
,TE25 Tanjong Katong,,,,,,"00:06 (SMRT)
00:08 (LTA)",,,,
,TE26 Marine Parade,,,,,,0:06,,,,
,TE27 Marine Terrace,,,,,,0:04,,,,
,TE28 Siglap,,,,,,0:02,,,,
,TE29 Bayshore,,,,,,0:00,,,,
,,,,,,,,,,,TORC
,,,,,,,,,,,
Towards TE17 Outram Park,,,,,,,,,,,
,,First Train,,,,,Last Train,,,,
,,Mon - Sat,,,Sun / PH,,Daily,,,,
,TE1 Woodlands North,,,,,,23:48,,,,
,TE2 Woodlands,,,,,,23:50,,,,
,TE3 Woodlands South,,,,,,23:53,,,,
,TE4 Springleaf,,,,,,23:57,,,,
,TE4A Tagore,,,,,,,,,,
,TE5 Lentor,,,,,,0:00,,,,
,TE6 Mayflower,,,,,,0:03,,,,
,TE7 Bright Hill,,,,,,0:05,,,,
,TE8 Upper Thomson,,,,,,0:07,,,,
,TE9 Caldecott,,,,,,0:10,,,,
,TE11 Stevens,,,,,,0:14,,,,
,TE12 Napier,,,,,,0:16,,,,
,TE13 Orchard Boulevard,,,,,,0:18,,,,
,TE14 Orchard,,,,,,0:20,,,,
,TE15 Great World,,,,,,0:22,,,,
,TE16 Havelock,,,,,,0:24,,,,
,,,,,,,,,,,TOTP
,,,,,,,,,,,
Towards TE22 Gardens by the Bay,,,,,,,,,,,
,,First Train,,,,,Last Train,,,,
,,Mon - Sat,,,Sun / PH,,Daily,,,,
,TE1 Woodlands North,,,,,,23:42,,,,
,TE2 Woodlands,,,,,,23:44,,,,
,TE3 Woodlands South,,,,,,23:47,,,,
,TE4 Springleaf,,,,,,23:51,,,,
,TE4A Tagore,,,,,,,,,,
,TE5 Lentor,,,,,,23:54,,,,
,TE6 Mayflower,,,,,,23:57,,,,
,TE7 Bright Hill,,,,,,23:59,,,,
,TE8 Upper Thomson,,,,,,0:01,,,,
,TE9 Caldecott,,,,,,0:04,,,,
,TE11 Stevens,,,,,,0:08,,,,
,TE12 Napier,,,,,,0:10,,,,
,TE13 Orchard Boulevard,,,,,,0:12,,,,
,TE14 Orchard,,,,,,0:14,,,,
,TE15 Great World,,,,,,0:16,,,,
,TE16 Havelock,,,,,,0:18,,,,
,TE17 Outram Park,,,,,,0:20,,,,
,TE18 Maxwell,,,,,,0:21,,,,
,TE19 Shenton Way,,,,,,"00:12 (SMRT)
00:23 (LTA)",,,,
,TE20 Marina Bay,,,,,,0:25,,,,
,TE23 Tanjong Rhu,,,,,,0:19,,,,
,TE24 Katong Park,,,,,,0:16,,,,
,TE25 Tanjong Katong,,,,,,0:14,,,,
,TE26 Marine Parade,,,,,,0:12,,,,
,TE27 Marine Terrace,,,,,,0:10,,,,
,TE28 Siglap,,,,,,0:08,,,,
,TE29 Bayshore,,,,,,0:06,,,,
,,,,,,,,,,,TGRB
,,,,,,,,,,,
Towards TE27 Marine Terrace,,,,,,,,,,,
,,First Train,,,,,Last Train,,,,
,,Mon - Sat,,,Sun / PH,,Daily,,,,
,TE1 Woodlands North,,,,,,23:36,,,,
,TE2 Woodlands,,,,,,23:38,,,,
,TE3 Woodlands South,,,,,,23:41,,,,
,TE4 Springleaf,,,,,,23:45,,,,
,TE4A Tagore,,,,,,,,,,
,TE5 Lentor,,,,,,23:48,,,,
,TE6 Mayflower,,,,,,23:51,,,,
,TE7 Bright Hill,,,,,,23:53,,,,
,TE8 Upper Thomson,,,,,,23:55,,,,
,TE9 Caldecott,,,,,,23:58,,,,
,TE11 Stevens,,,,,,0:02,,,,
,TE12 Napier,,,,,,0:04,,,,
,TE13 Orchard Boulevard,,,,,,0:06,,,,
,TE14 Orchard,,,,,,0:08,,,,
,TE15 Great World,,,,,,0:10,,,,
,TE16 Havelock,,,,,,0:12,,,,
,TE17 Outram Park,,,,,,0:14,,,,
,TE18 Maxwell,,,,,,0:15,,,,
,TE19 Shenton Way,,,,,,0:17,,,,
,TE20 Marina Bay,,,,,,0:19,,,,
,TE22 Gardens by the Bay,,,,,,0:22,,,,
,TE23 Tanjong Rhu,,,,,,0:26,,,,
,TE24 Katong Park,,,,,,0:28,,,,
,TE25 Tanjong Katong,,,,,,0:30,,,,
,TE26 Marine Parade,,,,,,0:32,,,,
,TE28 Siglap,,,,,,0:22,,,,
,TE29 Bayshore,,,,,,"00:06 (SMRT)
00:20 (LTA)",,,,
,,,,,,,,,,,TMTC
,,,,,,,,,,,
Towards ⓮ TE29 Bayshore,,,,,,,,,,,
,,First Train,,,,,Last Train,,,,
,,Mon - Sat,,,Sun / PH,,Daily,,,,
,TE1 Woodlands North,5:36,,,5:56,,23:30,,,,
,TE2 Woodlands,5:38,,,5:58,,23:33,,,,
,TE3 Woodlands South,5:40,,,6:00,,23:35,,,,
,TE4 Springleaf,5:38,,,"05:58 (LTA)
06:05 (SMRT)",,23:39,,,,
,TE4A Tagore,,,,,,,,,,
,TE5 Lentor,5:41,,,"06:01 (LTA)
06:08 (SMRT)",,23:42,,,,
,TE6 Mayflower,5:44,,,"06:04 (LTA)
06:11 (SMRT)",,23:45,,,,
,TE7 Bright Hill,5:45,,,"06:05 (LTA)
06:13 (SMRT)",,23:47,,,,
,TE8 Upper Thomson,5:48,,,"06:08 (LTA)
06:15 (SMRT)",,23:49,,,,
,TE9 Caldecott,5:48,,,"06:07 (SMRT)
06:08 (LTA)",,23:52,,,,
,TE11 Stevens,5:51,,,"06:11 (LTA)
06:12 (SMRT)",,23:56,,,,
,TE12 Napier,5:54,,,6:14,,23:59,,,,
,TE13 Orchard Boulevard,5:56,,,6:16,,0:01,,,,
,TE14 Orchard,5:55,,,"06:15 (LTA)
06:18 (SMRT)",,0:03,,,,
,TE15 Great World,5:57,,,"06:17 (LTA)
06:20 (SMRT)",,0:05,,,,
,TE16 Havelock,5:59,,,"06:19 (LTA)
06:22 (SMRT)",,0:07,,,,
,TE17 Outram Park,5:56,,,"06:16 (LTA)
06:24 (SMRT)",,0:09,,,,
,TE18 Maxwell,"05:58
(LTA)
06:06
(SMRT)",,,"06:18 (LTA)
06:31 (SMRT)",,"00:05 (SMRT)
00:10 (LTA)",,,,
,TE19 Shenton Way,5:59,,,6:19,,0:12,,,,
,TE20 Marina Bay,6:01,,,"06:21 (LTA)
06:30 (SMRT)",,0:14,,,,
,TE22 Gardens by the Bay,5:57,,,6:17,,0:17,,,,
,TE23 Tanjong Rhu,6:00,,,6:20,,0:21,,,,
,TE24 Katong Park,6:03,,,6:23,,0:23,,,,
,TE25 Tanjong Katong,6:05,,,6:25,,0:25,,,,
,TE26 Marine Parade,6:07,,,6:27,,0:27,,,,
,TE27 Marine Terrace,6:03,,,6:23,,0:29,,,,
,TE28 Siglap,6:05,,,6:25,,0:31,,,,
,,,,,,,,,,,TBSR CB
,,,,,,,,,,,
,,,,,,,,,,,
Towards BP6 Bukit Panjang Platform 1 (Choa Chu Kang) via BP7 Petir,,,,,,,,,,,
,,First Train,,,,,Last Train,,,,
,,Mon - Sat,,,Sun / PH,,Daily,,,,
,BP1 Choa Chu Kang,5:13,,,5:32,,0:55,,,,
,BP2 South View,5:11,,,5:30,,0:53,,,,
,BP3 Keat Hong,5:09,,,5:28,,0:51,,,,
,BP4 Teck Whye,5:08,,,5:27,,0:50,,,,
,BP5 Phoenix,5:07,,,5:26,,0:49,,,,
,BP6 Bukit Panjang,5:05,,,5:24,,0:47,,,,
,BP7 Petir,5:06,,,5:25,,0:56,,,,
,BP8 Pending,5:08,,,5:26,,0:58,,,,
,BP9 Bangkit,5:09,,,5:27,,0:59,,,,
,BP10 Fajar,5:11,,,5:29,,1:01,,,,
,BP11 Segar,5:12,,,5:30,,1:03,,,,
,BP12 Jelapang,5:14,,,5:32,,1:05,,,,
,BP13 Senja,5:15,,,5:33,,1:06,,,,
,,,,,,,,,,,BPJ P1
,,,,,,,,,,,
Towards BP6 Bukit Panjang Platform 2 (Loop) via BP11 Senja,,,,,,,,,,,
,,First Train,,,,,Last Train,,,,
,,Mon - Sat,,,Sun / PH,,Daily,,,,
,BP1 Choa Chu Kang,5:13,,,5:32,,0:55,,,,
,BP2 South View,5:14,,,5:33,,0:56,,,,
,BP3 Keat Hong,5:16,,,5:35,,0:58,,,,
,BP4 Teck Whye,5:17,,,5:36,,0:59,,,,
,BP5 Phoenix,5:18,,,5:37,,1:00,,,,
,BP6 Bukit Panjang,4:59,,,5:18,,1:02,,,,
,BP7 Petir,5:09,,,5:28,,1:14,,,,
,BP8 Pending,5:07,,,5:26,,1:12,,,,
,BP9 Bangkit,5:06,,,5:25,,1:11,,,,
,BP10 Fajar,5:04,,,5:23,,1:09,,,,
,BP11 Segar,5:03,,,5:22,,1:07,,,,
,BP12 Jelapang,5:01,,,5:20,,1:05,,,,
,BP13 Senja,5:00,,,5:19,,1:04,,,,
,,,,,,,,,,,BPJ P2
Sengkang LRT,,,,,,,,,,,
,,First Train,,,,,Last Train,,,,
,,Weekdays / Sat,,,Sun / PH,,Weekdays / Weekends / PH,,,,
,East Loop (Outer) [C] / STC → SE1 → SE5 → STC,,,,,,,,,,
,STC Sengkang,5:25,,,5:45,,0:21,,,,
,SE1 Compassvale,5:26,,,5:46,,0:23,,,,
,SE2 Rumbia,5:28,,,5:48,,0:25,,,,
,SE3 Bakau,5:30,,,5:49,,0:26,,,,
,SE4 Kangkar,5:31,,,5:51,,0:27,,,,
,SE5 Ranggung,5:33,,,5:53,,0:30,,,,
,,,,,,,,,,,
,East Loop (Inner) [D] / STC → SE5 → SE1 → STC,,,,,,,,,,
,STC Sengkang,5:29,,,5:49,,0:35,,,,
,SE1 Compassvale,5:37,,,5:57,,0:48,,,,
,SE2 Rumbia,5:36,,,5:56,,0:46,,,,
,SE3 Bakau,5:34,,,5:54,,0:42,,,,
,SE4 Kangkar,5:33,,,5:53,,0:40,,,,
,SE5 Ranggung,5:31,,,5:51,,0:37,,,,
,,,,,,,,,,,
,West Loop (Inner) [B] / STC → SW1 → SW8 → STC,,,,,,,,,,
,STC Sengkang,5:30,,,5:50,,0:13,,,,
,SW1 Cheng Lim,5:18,,,5:38,,0:16,,,,
,SW2 Farmway,5:19,,,5:39,,0:17,,,,
,SW3 Kupang,5:20,,,5:42,,0:18,,,,
,SW4 Thanggam,5:21,,,5:41,,0:19,,,,
,SW5 Fernvale,5:23,,,5:43,,0:21,,,,
,SW6 Layar,5:25,,,5:45,,0:23,,,,
,SW7 Tongkang,5:26,,,5:46,,0:24,,,,
,SW8 Renjong,5:28,,,5:48,,0:26,,,,
,,,,,,,,,,,
,West Loop (Outer) [A] / STC → SW8 → SW1 → STC,,,,,,,,,,
,STC Sengkang,5:33,,,5:53,,0:37,,,,
,SW1 Cheng Lim,5:44,,,6:04,,1:00,,,,
,SW2 Farmway,5:43,,,6:03,,0:59,,,,
,SW3 Kupang,5:42,,,6:02,,0:57,,,,
,SW4 Thanggam,5:41,,,6:01,,0:55,,,,
,SW5 Fernvale,5:40,,,6:00,,0:49,,,,
,SW6 Layar,5:38,,,5:58,,0:46,,,,
,SW7 Tongkang,5:36,,,5:56,,0:45,,,,
,SW8 Renjong,5:35,,,5:55,,0:42,,,,
,,,,,,,,,,,SKLRT
Punggol LRT,,,,,,,,,,,
,,First Train,,,,,Last Train,,,,
,,Weekdays / Sat,,,Sun / PH,,Weekdays / Weekends / PH,,,,
,East Loop (Inner) [D] / PTC → PE1 → PE7 → PTC,,,,,,,,,,
,PTC Punggol,5:25,,,5:45,,0:38,,,,
,PE1 Cove,5:27,,,5:47,,0:40,,,,
,PE2 Meridian,5:28,,,5:48,,0:43,,,,
,PE3 Coral Edge,5:30,,,5:50,,0:45,,,,
,PE4 Riviera,5:31,,,5:51,,0:48,,,,
,PE5 Kadaloor,5:33,,,5:53,,0:51,,,,
,PE6 Oasis,5:34,,,5:54,,0:53,,,,
,PE7 Damai,5:36,,,5:56,,0:55,,,,
,,,,,,,,,,,
,East Loop (Outer) [C] / PTC → PE7 → PE1 → PTC,,,,,,,,,,
,PTC Punggol,5:20,,,5:40,,0:20,,,,
,PE1 Cove,5:30,,,5:50,,0:30,,,,
,PE2 Meridian,5:29,,,5:49,,0:29,,,,
,PE3 Coral Edge,5:28,,,5:48,,0:28,,,,
,PE4 Riviera,5:26,,,5:46,,0:26,,,,
,PE5 Kadaloor,5:24,,,5:44,,0:25,,,,
,PE6 Oasis,5:23,,,5:43,,0:23,,,,
,PE7 Damai,5:22,,,5:42,,0:22,,,,
,,,,,,,,,,,
,West Loop (Inner) [B] / PTC → PW1 → PW7 → PTC,,,,,,,,,,
,PTC Punggol,5:18,,,5:38,,0:13,,,,
,PW1 Sam Kee,5:18,,,5:38,,0:15,,,,
,PW2 Teck Lee,5:19,,,5:39,,0:16,,,,
,PW3 Punggol Point,5:20,,,5:40,,0:52,,,,
,PW4 Samudera,5:21,,,5:41,,0:18,,,,
,PW5 Nibong,5:22,,,5:42,,0:19,,,,
,PW6 Sumang,5:23,,,5:43,,0:20,,,,
,PW7 Soo Teck,5:25,,,5:45,,0:22,,,,
,,,,,,,,,,,
,West Loop (Outer) [A] / PTC → PW7 → PW1 → PTC,,,,,,,,,,
,PTC Punggol,5:20,,,5:40,,0:40,,,,
,PW1 Sam Kee,5:37,,,5:57,,0:50,,,,
,PW2 Teck Lee,5:36,,,5:56,,0:49,,,,
,PW3 Punggol Point,5:35,,,5:55,,0:48,,,,
,PW4 Samudera,5:34,,,5:54,,0:47,,,,
,PW5 Nibong,5:33,,,5:53,,0:46,,,,
,PW6 Sumang,5:32,,,5:52,,0:45,,,,
,PW7 Soo Teck,5:30,,,5:50,,0:43,,,,
,,,,,,,,,,,PGLRT
,Ticket Office Operating Hours,,,,,,,,,,
,,,,,,,,,,,
,,,,,,,,,,,
,,,,,,,,,,,
,MRT Stations,,,,,,,,,,
,,Mon,,Tue-Fri,,Sat,,Sun,,PH,
,EW2 Tampines,0800 - 2100,,0800 - 2100,,0800 - 2100,,0800 - 2100,,0800 - 2100,
,EW5 Bedok,"1200 - 1545
1645 - 2000",,"1200 - 1545
1645 - 2000",,"1200 - 1545
1645 - 2000",,"1200 - 1545
1645 - 2000",,"1200 - 1545
1645 - 2000",
,EW7 Eunos,"1200 - 1545
1645 - 1930",,"1200 - 1545
1645 - 1930",,"1200 - 1545
1645 - 1930",,CLOSED,,CLOSED,
,EW9 Aljunied,"1200 - 1545
1645 - 1930",,"1200 - 1545
1645 - 1930",,"1200 - 1545
1645 - 1930",,"1200 - 1545
1645 - 1930",,CLOSED,
,EW11 Lavender,"1200 - 1545
1645 - 1930",,"1200 - 1545
1645 - 1930",,"1200 - 1545
1645 - 1930",,"1200 - 1545
1645 - 1930",,CLOSED,
,EW12 Bugis,1000 - 2100,,1000 - 2100,,1000 - 2100,,1000 - 2100,,1000 - 2100,
,EW13/NS25 City Hall,0900 - 2100,,0900 - 2100,,0900 - 2100,,0900 - 2100,,0900 - 2100,
,EW14/NS26 Raffles Place,0800 - 2100,,0800 - 2100,,0800 - 1700,,CLOSED,,CLOSED,
,EW17 Tiong Bahru,"1200 - 1545
1645 - 1930",,"1200 - 1545
1645 - 1930",,"1200 - 1545
1645 - 1930",,"1200 - 1545
1645 - 1930",,CLOSED,
,EW23 Clementi,0800 - 2100,,0800 - 2100,,0800 - 2100,,0800 - 2100,,0800 - 2100,
,EW24/NS1 Jurong East,"1200 - 1545
1645 - 1930",,"1200 - 1545
1645 - 1930",,"1200 - 1545
1645 - 1930",,"1200 - 1545
1645 - 1930",,"1200 - 1545
1645 - 1930",
,EW26 Lakeside,"1200 - 1545
1645 - 1930",,"1200 - 1545
1645 - 1930",,"1200 - 1545
1645 - 1930",,"1200 - 1545
1645 - 1930",,"1200 - 1545
1645 - 1930",
,CG2 Changi Airport,0800 - 2100,,0800 - 2100,,0800 - 2100,,0800 - 2100,,0800 - 2100,
,NS2 Bukit Batok,"1200 - 1545
1645 - 1930",,"1200 - 1545
1645 - 1930",,"1200 - 1545
1645 - 1930",,"1200 - 1545
1645 - 1930",,"1200 - 1545
1645 - 1930",
,NS5 Yew Tee,"1200 - 1545
1645 - 1930",,"1200 - 1545
1645 - 1930",,"1200 - 1545
1645 - 1800",,CLOSED,,CLOSED,
,NS9 Woodlands,0800 - 2100,,0800 - 2100,,0800 - 2100,,0800 - 2100,,0800 - 2100,
,NS11 Sembawang,"1200 - 1545
1645 - 1930",,"1200 - 1545
1645 - 1930",,"1200 - 1545
1645 - 1800",,CLOSED,,CLOSED,
,NS13 Yishun,0800 - 2200,,0800 - 2200,,0800 - 2200,,0800 - 2200,,0800 - 2200,
,NS16 Ang Mo Kio,0800 - 2100,,0800 - 2100,,0800 - 2100,,0800 - 2100,,0800 - 2100,
,NS17 Bishan,"1200 - 1545
1645 - 1930",,"1200 - 1545
1645 - 1930",,"1200 - 1545
1645 - 1930",,"1200 - 1545
1645 - 1930",,CLOSED,
,NS19 Toa Payoh,"1200 - 1545
1645 - 1930",,"1200 - 1545
1645 - 1930",,"1200 - 1545
1645 - 1930",,"1200 - 1545
1645 - 1930",,"1200 - 1545
1645 - 1930",
,NS20 Novena,"1200 - 1545
1645 - 1930",,"1200 - 1545
1645 - 1930",,"1200 - 1545
1645 - 1800",,CLOSED,,CLOSED,
,NS22 Orchard,0800 - 2100,,0800 - 2100,,0800 - 2100,,0800 - 2100,,0800 - 2100,
,NE4 Chinatown,"0800 - 1230
1300 - 1600
1700 - 2100",,"0800 - 1230
1300 - 1600
1700 - 2100",,"0800 - 1230
1300 - 1600
1700 - 2100",,"0800 - 1230
1300 - 1600
1700 - 2100",,"0800 - 1230
1300 - 1600
1700 - 2100",
,NE8 Farrer Park,"1200 - 1545
1645 - 1930",,"1200 - 1545
1645 - 1930",,"1200 - 1545
1645 - 1930",,"1200 - 1545
1645 - 1930",,"1200 - 1545
1645 - 1930",
,NE14 Hougang,"1200 - 1545
1645 - 1930",,"1200 - 1545
1645 - 1930",,"1200 - 1545
1645 - 1930",,"1200 - 1545
1645 - 1930",,"1200 - 1545
1645 - 1930",
,NE16 Sengkang,1000 - 2100,,1000 - 2100,,1000 - 2100,,1000 - 2100,,1000 - 2100,
,CC13 Serangoon,CLOSED,,"1200 - 1545
1645 - 1930",,"1200 - 1545
1645 - 1800",,"1200 - 1545
1645 - 1930",,CLOSED,
,CC29 HarbourFront,"0800 - 1600
1700 - 2100",,"0800 - 1600
1700 - 2100",,"0800 - 1600
1700 - 2100",,"0800 - 1600
1700 - 2100",,"0800 - 1600
1700 - 2100",
,CE1 Bayfront,CLOSED,,CLOSED,,"1200 - 1545
1645 - 2000",,"1200 - 1545
1645 - 2000",,"1200 - 1545
1645 - 2000",
,,,,,,,,,,,TLSO
,,,,,,,,,,,
,Bus Interchanges,,,,,,,,,,
,,Mon,,Tue-Fri,,Sat,,Sun,,PH,
,Bedok Int,1000 - 2000,,1000 - 2000,,1000 - 1700,,CLOSED,,CLOSED,
,Boon Lay Int,0800 - 2100,,0800 - 2100,,0800 - 2100,,0800 - 2100,,0800 - 2100,
,Bukit Merah Int*,1200 - 1930,,1200 - 1930,,1200 - 1930,,1200 - 1930,,1200 - 1930,
,Toa Payoh Int,1000 - 2000,,1000 - 2000,,1000 - 1700,,CLOSED,,CLOSED,
,,,,,,,,,,,TLSO